{"Accuracy": 0.7966666666666666, "Precision": 0.6756756756756757, "Recall": 0.75, "F1-Score": 0.7109004739336493, "AUC-ROC": 0.9915999999999999}